{
  "@context": ["http://www.w3.org/ns/csvw",{"@language": "cs"}],
  "url": "pscoco.csv",
  "dc:description": "Číselník obcí, městských částí, městských obvodů a volebních okrsků", 
  "tableSchema": { 
    "columns": [{
      "name": "KRAJ",
      "titles": "KRAJ",
      "dc:description": "Kód kraje dle CNUMNUTS, kam OBEC patří",
      "required": true,
      "datatype": "number"
    },{
      "name": "OKRES",
      "titles": "OKRES",
      "dc:description": "Kód okresu dle CNUMNUTS, kam OBEC patří",
      "required": true,
      "datatype": "number"
    },{
      "name": "CPOU",
      "titles": "CPOU",
      "dc:description": "Kód přebíracího místa dle CISPM, kam OBEC patří",
      "required": true,
      "datatype": "number"
    },{
      "name": "ORP",
      "titles": "ORP",
      "dc:description": "Kód obce s rozšířenou působností, kam OBEC patří",
      "required": true,
      "datatype": "number"
    },{
      "name": "OBEC",
      "titles": "OBEC",
      "dc:description": "Kód obce, MČ, MO, kde se volí - dle identifikace okrsku v RUIAN",
      "required": false,
      "datatype": "number"
    },{
      "name": "NAZEVOBCE",
      "titles": "NAZEVOBCE",
      "dc:description": "Název obce, MČ, MO",
      "required": true,
      "datatype": "string"
    },{
      "name": "VOLKRAJ",
      "titles": "VOLKRAJ",
      "dc:description": "Číslo volebního kraje dle PSVOLKR, do kterého se v OBEC volí",
      "required": true,
      "datatype": "number"
    },{
      "name": "MINOKRSEK1",
      "titles": "MINOKRSEK1",
      "dc:description": "Nejnižší číslo okrsku v rámci OBEC dle RUIAN",
      "required": true,
      "datatype": "number"
    },{
      "name": "MAXOKRSEK1",
      "titles": "MAXOKRSEK1",
      "dc:description": "Nejvyšší číslo okrsku v rámci OBEC dle RUIAN",
      "required": true,
      "datatype": "number"
    },{
      "name": "OBEC_PREZ",
      "titles": "OBEC_PREZ",
      "dc:description": "Kód obce pro prezentaci (odkaz na číselník obcí)",
      "required": true,
      "datatype": "number"
    }
    ],
    "primaryKey": "OBEC"
  }
}
