OBEC,OKRSEK,KC1,NAZEVOKRSK,TYPURADU,KODZEME,ZKRZEME,NAZEVZEME,SVETADIL,CASPOSUNLC,NAZEVOKRSA,NAZEVZEMEA,SUBKONTINENT,OBLAST,KORESPOND,VOLKRAJ
999997,1,5,"Tirana","vv",8,"AL","Albánie","EV",0,"Tirana","Albania","EV",2,"A",11
999997,2,6,"Vídeň","vv",40,"AT","Rakousko","EV",0,"Vienna","Austria","EV",2,"A",11
999997,3,0,"Brusel","vv",56,"BE","Belgie","EV",0,"Brussels","Belgium","EV",1,"A",14
999997,4,1,"Sarajevo","vv",70,"BA","Bosna a Hercegovina","EV",0,"Sarajevo","Bosnia and Herzegovina","EV",2,"A",11
999997,5,2,"Sofie","vv",100,"BG","Bulharsko","EV",1,"Sofia","Bulgaria","EV",2,"A",11
999997,6,3,"Minsk","vv",112,"BY","Bělorusko","EV",1,"Minsk","Belarus","EV",2,"A",11
999997,7,4,"Záhřeb","vv",191,"HR","Chorvatsko","EV",0,"Zagreb","Croatia","EV",2,"A",11
999997,8,5,"Kodaň","vv",208,"DK","Dánsko","EV",0,"Copenhagen","Denmark","EV",2,"A",11
999997,9,6,"Tallinn","vv",233,"EE","Estonsko","EV",1,"Tallinn","Estonia","EV",2,"A",11
999997,10,0,"Helsinky","vv",246,"FI","Finsko","EV",1,"Helsinki","Finland","EV",2,"A",11
999997,11,1,"Paříž","vv",250,"FR","Francie","EV",0,"Paris","France","EV",1,"A",14
999997,12,2,"Berlín","vv",276,"DE","Německo","EV",0,"Berlin","Germany","EV",2,"A",11
999997,13,3,"Drážďany","gk",276,"DE","Německo","EV",0,"Dresden","Germany","EV",2,"A",11
999997,14,4,"Mnichov","gk",276,"DE","Německo","EV",0,"Munich","Germany","EV",2,"A",11
999997,15,5,"Düsseldorf","gk",276,"DE","Německo","EV",0,"Düsseldorf","Germany","EV",2,"A",11
999997,16,6,"Athény","vv",300,"GR","Řecko","EV",1,"Athens","Greece","EV",2,"A",11
999997,17,0,"Vatikán","vv",336,"VA","Vatikán","EV",0,"Vatican City","Holy See","EV",2,"A",11
999997,18,1,"Budapešť","vv",348,"HU","Maďarsko","EV",0,"Budapest","Hungary","EV",2,"A",11
999997,19,2,"Dublin","vv",372,"IE","Irsko","EV",-1,"Dublin","Ireland","EV",1,"A",14
999997,20,3,"Řím","vv",380,"IT","Itálie","EV",0,"Rome","Italy","EV",2,"A",11
999997,21,4,"Milán","gk",380,"IT","Itálie","EV",0,"Milan","Italy","EV",2,"A",11
999997,22,5,"Riga","vv",428,"LV","Lotyšsko","EV",1,"Riga","Latvia","EV",2,"A",11
999997,23,6,"Vilnius","vv",440,"LT","Litva","EV",1,"Vilnius","Lithuania","EV",2,"A",11
999997,24,0,"Lucemburk","vv",442,"LU","Lucembursko","EV",0,"Luxembourg","Luxembourg","EV",1,"A",14
999997,25,1,"Haag","vv",528,"NL","Nizozemsko","EV",0,"The Hague","Netherlands","EV",1,"A",14
999997,26,2,"Oslo","vv",578,"NO","Norsko","EV",0,"Oslo","Norway","EV",2,"A",11
999997,27,3,"Varšava","vv",616,"PL","Polsko","EV",0,"Warsaw","Poland","EV",2,"A",11
999997,28,4,"Lisabon","vv",620,"PT","Portugalsko","EV",-1,"Lisbon","Portugal","EV",1,"A",14
999997,29,5,"Bukurešť","vv",642,"RO","Rumunsko","EV",1,"Bucharest","Romania","EV",2,"A",11
999997,30,6,"Moskva","vv",643,"RU","Rusko","EV",1,"Moscow","Russian Federation","EV",2,"A",11
999997,31,0,"Bratislava","vv",703,"SK","Slovensko","EV",0,"Bratislava","Slovakia","EV",2,"A",11
999997,32,1,"Lublaň","vv",705,"SI","Slovinsko","EV",0,"Ljubljana","Slovenia","EV",2,"A",11
999997,33,2,"Madrid","vv",724,"ES","Španělsko","EV",0,"Madrid","Spain","EV",1,"A",14
999997,34,3,"Stockholm","vv",752,"SE","Švédsko","EV",0,"Stockholm","Sweden","EV",2,"A",11
999997,35,4,"Bern","vv",756,"CH","Švýcarsko","EV",0,"Bern","Switzerland","EV",2,"A",11
999997,36,5,"Kyjev","vv",804,"UA","Ukrajina","EV",1,"Kiev","Ukraine","EV",2,"A",11
999997,37,6,"Lvov","gk",804,"UA","Ukrajina","EV",1,"Lvov","Ukraine","EV",2,"A",11
999997,38,0,"Londýn","vv",826,"GB","Velká Británie a Severní Irsko","EV",-1,"London","United Kingdom","EV",1,"A",14
999997,39,1,"Manchester","gk",826,"GB","Velká Británie a Severní Irsko","EV",-1,"Manchester","United Kingdom","EV",1,"A",14
999997,40,2,"Bělehrad","vv",688,"RS","Srbsko","EV",0,"Belgrade","Serbia","EV",2,"A",11
999997,41,3,"Kišiněv","vv",498,"MD","Moldavsko","EV",1,"Kishinev","Moldova","EV",2,"A",11
999997,42,4,"Skopje","vv",807,"MK","Severní Makedonie","EV",0,"Skopje","North Macedonia","EV",2,"A",11
999997,43,5,"Priština","vv",95,"XK","Kosovo","EV",0,"Pristina","Kosovo","EV",2,"A",11
999997,44,6,"Podgorica","vv",499,"ME","Černá Hora","EV",0,"Podgorica","Montenegro","EV",2,"A",11
999997,45,0,"Hongkong","gk",156,"CN","Čína","AS",6,"Hong Kong","China","AS",4,"A",1
999997,46,1,"Peking","vv",156,"CN","Čína","AS",6,"Beijing","China","AS",4,"A",1
999997,47,2,"Šanghaj","gk",156,"CN","Čína","AS",6,"Shanghai","China","AS",4,"A",1
999997,48,3,"Tchaj-pej","čekk",158,"TW","Tchaj-wan","AS",6,"Taipei","Taiwan","AS",4,"A",1
999997,49,4,"Nikósie","vv",196,"CY","Kypr","EV",1,"Nicosia","Cyprus","EV",2,"A",11
999997,50,5,"Tbilisi","vv",268,"GE","Gruzie","AS",2,"Tbilisi","Georgia","AS",4,"A",1
999997,51,6,"Dillí","vv",356,"IN","Indie","AS",3.5,"New Delhi","India","AS",4,"A",1
999997,52,0,"Jakarta","vv",360,"ID","Indonésie","AS",5,"Jakarta","Indonesia","AS",4,"A",1
999997,53,1,"Teherán","vv",364,"IR","Írán","AS",1.5,"Tehran","Iran","AS",4,"A",1
999997,54,2,"Bagdád","vv",368,"IQ","Irák","AS",1,"Baghdad","Iraq","AS",4,"A",1
999997,55,3,"Erbíl","gk",368,"IQ","Irák","AS",1,"Erbil","Iraq","AS",4,"A",1
999997,56,4,"Tel Aviv","vv",376,"IL","Izrael","AS",1,"Tel Aviv","Israel","AS",4,"A",1
999997,57,5,"Tokio","vv",392,"JP","Japonsko","AS",7,"Tokyo","Japan","AS",4,"A",1
999997,58,6,"Astana","vv",398,"KZ","Kazachstán","AS",3,"Astana","Kazakhstan","AS",4,"A",1
999997,59,0,"Ammán","vv",400,"JO","Jordánsko","AS",1,"Amman","Jordan","AS",4,"A",1
999997,60,1,"Dauha","vv",634,"QA","Katar","AS",1,"Doha","Qatar","AS",4,"A",1
999997,61,2,"Soul","vv",410,"KR","Korea","AS",7,"Seoul","Korea","AS",4,"A",1
999997,62,3,"Kuvajt","vv",414,"KW","Kuvajt","AS",1,"Kuwait City","Kuwait","AS",4,"A",1
999997,63,4,"Bejrút","vv",422,"LB","Libanon","AS",1,"Beirut","Lebanon","AS",4,"A",1
999997,64,5,"Kuala Lumpur","vv",458,"MY","Malajsie","AS",6,"Kuala Lumpur","Malaysia","AS",4,"A",1
999997,65,6,"Ulánbátar","vv",496,"MN","Mongolsko","AS",6,"Ulaanbaatar","Mongolia","AS",4,"A",1
999997,66,0,"Islámábád","vv",586,"PK","Pákistán","AS",3,"Islamabad","Pakistan","AS",4,"A",1
999997,67,1,"Manila","vv",608,"PH","Filipíny","AS",6,"Manila","Philippines","AS",4,"A",1
999997,68,2,"Rijád","vv",682,"SA","Saúdská Arábie","AS",1,"Riyadh","Saudi Arabia","AS",4,"A",1
999997,69,3,"Hanoj","vv",704,"VN","Vietnam","AS",5,"Hanoi","Viet Nam","AS",4,"A",1
999997,70,4,"Damašek","vv",760,"SY","Sýrie","AS",1,"Damascus","Syrian Arab Republic","AS",4,"A",1
999997,71,5,"Bangkok","vv",764,"TH","Thajsko","AS",5,"Bangkok","Thailand","AS",4,"A",1
999997,72,6,"Abú Dhabí","vv",784,"AE","Spojené arabské emiráty","AS",2,"Abu Dhabi","United Arab Emirates","AS",4,"A",1
999997,73,0,"Ankara","vv",792,"TR","Turecko","EV",1,"Ankara","Türkiye","EV",2,"A",11
999997,74,1,"Istanbul","gk",792,"TR","Turecko","EV",1,"Istanbul","Türkiye","EV",2,"A",11
999997,75,2,"Taškent","vv",860,"UZ","Uzbekistán","AS",3,"Tashkent","Uzbekistan","AS",4,"A",1
999997,76,3,"Baku","vv",31,"AZ","Ázerbájdžán","AS",2,"Baku","Azerbaijan","AS",4,"A",1
999997,77,4,"Jerevan","vv",51,"AM","Arménie","AS",2,"Yerevan","Armenia","AS",4,"A",1
999997,78,5,"Rangún","vv",104,"MM","Myanmar","AS",4.5,"Yangon","Myanmar","AS",4,"A",1
999997,79,6,"Phnompenh","vv",116,"KH","Kambodža","AS",5,"Phnom Penh","Cambodia","AS",4,"A",1
999997,80,0,"Singapur","vv",702,"SG","Singapur","AS",6,"Singapore","Singapore","AS",4,"A",1
999997,81,1,"Buenos Aires","vv",32,"AR","Argentina","AM",-5,"Buenos Aires","Argentina","JA",3,"A",2
999997,82,2,"Brasília","vv",76,"BR","Brazílie","AM",-5,"Brasília","Brazil","JA",3,"A",2
999997,83,3,"Sao Paulo","gk",76,"BR","Brazílie","AM",-5,"Sao Paulo","Brazil","JA",3,"A",2
999997,84,4,"Ottawa","vv",124,"CA","Kanada","AM",-6,"Ottawa","Canada","SA",3,"A",2
999997,85,5,"Toronto","gk",124,"CA","Kanada","AM",-6,"Toronto","Canada","SA",3,"A",2
999997,86,6,"Santiago de Chile","vv",152,"CL","Chile","AM",-5,"Santiago de Chile","Chile","JA",3,"A",2
999997,87,0,"Havana","vv",192,"CU","Kuba","AM",-6,"Havana","Cuba","SA",3,"A",2
999997,88,1,"Mexiko","vv",484,"MX","Mexiko","AM",-8,"Mexico City","Mexico","SA",3,"A",2
999997,89,2,"Lima","vv",604,"PE","Peru","AM",-7,"Lima","Peru","JA",3,"A",2
999997,90,3,"Bogota","vv",170,"CO","Kolumbie","AM",-7,"Bogotá","Colombia","JA",3,"A",2
999997,91,4,"Washington","vv",840,"US","Spojené státy","AM",-6,"Washington, D.C.","United States of America","SA",3,"A",2
999997,92,5,"Los Angeles","gk",840,"US","Spojené státy","AM",-9,"Los Angeles","United States of America","SA",3,"A",2
999997,93,6,"New York","gk",840,"US","Spojené státy","AM",-6,"New York","United States of America","SA",3,"A",2
999997,94,0,"Chicago","gk",840,"US","Spojené státy","AM",-7,"Chicago","United States of America","SA",3,"A",2
999997,95,1,"Alžír","vv",12,"DZ","Alžírsko","AF",-1,"Algiers","Algeria","AF",4,"A",1
999997,96,2,"Dakar","vv",110,"SN","Senegal","AF",-2,"Dakar","Senegal","AF",4,"A",1
999997,97,3,"Addis Abeba","vv",231,"ET","Etiopie","AF",1,"Addis Abeba","Ethiopia","AF",4,"A",1
999997,98,4,"Akkra","vv",288,"GH","Ghana","AF",-2,"Accra","Ghana","AF",4,"A",1
999997,99,5,"Rabat","vv",504,"MA","Maroko","AF",-1,"Rabat","Morocco","AF",4,"A",1
999997,100,6,"Abuja","vv",566,"NG","Nigérie","AF",-1,"Abuja","Nigeria","AF",4,"A",1
999997,101,0,"Pretoria","vv",710,"ZA","Jižní Afrika","AF",0,"Pretoria","South Africa","AF",4,"A",1
999997,102,1,"Tunis","vv",788,"TN","Tunisko","AF",-1,"Tunis","Tunisia","AF",4,"A",1
999997,103,2,"Káhira","vv",818,"EG","Egypt","AF",1,"Cairo","Egypt","AF",4,"A",1
999997,104,3,"Nairobi","vv",404,"KE","Keňa","AF",1,"Nairobi","Kenya","AF",4,"A",1
999997,105,4,"Lusaka","vv",894,"ZM","Zambie","AF",0,"Lusaka","Zambia","AF",4,"A",1
999997,106,5,"Kinshasa","vv",180,"CD","Konžská demokratická republika","AF",-1,"Kinshasa","Democratic Republic of the Congo","AF",4,"N",1
999997,107,6,"Canberra","vv",36,"AU","Austrálie","AO",8,"Canberra","Australia","AO",4,"A",1
999997,108,0,"Sydney","gk",36,"AU","Austrálie","AO",8,"Sydney","Australia","AO",4,"A",1
