{
  "@context": ["http://www.w3.org/ns/csvw",{"@language": "cs"}],
  "url": "psrzvo.csv",
  "dc:description": "Registr zvláštních volebních okrsků", 
  "tableSchema": { 
    "columns": [{
      "name": "OBEC",
      "titles": "OBEC",
      "dc:description": "Fiktivní kód obce 999997",
      "required": false,
      "datatype": "number"
    },{
      "name": "OKRSEK",
      "titles": "OKRSEK",
      "dc:description": "Číslo zahraničního okrsku",
      "required": false,
      "datatype": "number"
    },{
      "name": "KC1",
      "titles": "KC1",
      "dc:description": "Kontrolní číslice (MODULO7)",
      "required": true,
      "datatype": "number"
    },{
      "name": "NAZEVOKRSK",
      "titles": "NAZEVOKRSK",
      "dc:description": "Název okrsku (sídelní město) - česky",
      "required": true,
      "datatype": "string"
    },{
      "name": "TYPURADU",
      "titles": "TYPURADU",
      "dc:description": "Typ zastupitelského úřadu (ZÚ) (vv=velvyslanectví, gk=generální konzulát, kj=konzulární jednatelství, čekk=Česká ekonomická a kulturní kancelář)",
      "required": true,
      "datatype": "string"
    },{
      "name": "KODZEME",
      "titles": "KODZEME",
      "dc:description": "Numerický kód země sídla ZÚ dle CZEM",
      "required": true,
      "datatype": "number"
    },{
      "name": "ZKRZEME",
      "titles": "ZKRZEME",
      "dc:description": "Alfabetický kód země na 2 znaky dle CZEM",
      "required": true,
      "datatype": "string"
    },{
      "name": "NAZEVZEME",
      "titles": "NAZEVZEME",
      "dc:description": "Název země sídla ZÚ dle CZEM - česky",
      "required": true,
      "datatype": "string"
    },{
      "name": "SVETADIL",
      "titles": "SVETADIL",
      "dc:description": "Zkratka světadílu (EV=Evropa, AS=Asie, AF=Afrika, AM=Amerika, AO=Austrálie a Oceánie)",
      "required": true,
      "datatype": "string"
    },{
      "name": "CASPOSUNLC",
      "titles": "CASPOSUNLC",
      "dc:description": "časový posun v hodinách proti SELČ (+/-)",
      "required": true,
      "datatype": "number"
    },{
      "name": "NAZEVOKRSA",
      "titles": "NAZEVOKRSA",
      "dc:description": "Název okrsku (sídelní město) - anglicky",
      "required": true,
      "datatype": "string"
    },{
      "name": "NAZEVZEMEA",
      "titles": "NAZEVZEMEA",
      "dc:description": "Název země sídla ZÚ dle CZEM - anglicky",
      "required": true,
      "datatype": "string"
    },{
      "name": "SUBKONTINENT",
      "titles": "SUBKONTINENT",
      "dc:description": "Zkratka subkontinentu (EV=Evropa, AS=Asie, AF=Afrika, SA=Severní a Střední Amerika, JA=Jižní Amerika, AO=Austrálie a Oceánie)",
      "required": true,
      "datatype": "string"
    },{
      "name": "OBLAST",
      "titles": "OBLAST",
      "dc:description": "Územní vymezení oblasti v zahraničí podle zákona	(1 = západní Evropa, 2 = ostatní Evropa, 3 = Amerika, 4 = ostatní svět)",
      "required": true,
      "datatype": "number"
    },{
      "name": "KORESPOND",
      "titles": "KORESPOND",
      "dc:description": "Příznak konání korespondenční volby (A/N)",
      "required": true,
      "datatype": "string"
    },{
      "name": "VOLKRAJ",
      "titles": "VOLKRAJ",
      "dc:description": "Číslo volebního kraje dle PSVOLKR, do kterého se v okrsku volí",
      "required": true,
      "datatype": "number"
    }
    ],
    "primaryKey": ["OBEC","OKRSEK"]
  }
}
