{
  "@context": ["http://www.w3.org/ns/csvw",{"@language": "cs"}],
  "url": "psvolkr.csv",
  "dc:description": "Číselník volebních krajů", 
  "tableSchema": { 
    "columns": [{
      "name": "VOLKRAJ",
      "titles": "VOLKRAJ",
      "dc:description": "Číslo volebního kraje (1-14)",
      "required": false,
      "datatype": "number"
    },{
      "name": "NAZVOLKRAJ",
      "titles": "NAZVOLKRAJ",
      "dc:description": "Název volebního kraje",
      "required": true,
      "datatype": "string"
    },{
      "name": "KRAJ",
      "titles": "KRAJ",
      "dc:description": "Kód kraje dle CNUMNUTS",
      "required": true,
      "datatype": "number"
    },{
      "name": "MAXKAND",
      "titles": "MAXKAND",
      "dc:description": "Maximální počet kandidátů na kandidátní listině",
      "required": true,
      "datatype": "number"
    }
    ],
    "primaryKey": "VOLKRAJ"
  }
}
