{
  "@context": ["http://www.w3.org/ns/csvw",{"@language": "cs"}],
  "url": "cnumnuts.csv",
  "dc:description": "Číselník okresů, krajů a regionů", 
  "tableSchema": { 
    "columns": [{
      "name": "NUMNUTS",
      "titles": "NUMNUTS",
      "dc:description": "Numerický kód oblasti",
      "required": false,
      "datatype": "number"
    },{
      "name": "NUTS",
      "titles": "NUTS",
      "dc:description": "Kód oblast (NUTS)",
      "required": true,
      "datatype": "string"
    },{
      "name": "NAZEVNUTS",
      "titles": "NAZEVNUTS",
      "dc:description": "Název oblasti",
      "required": false,
      "datatype": "string"
    },{
      "name": "KODCIS",
      "titles": "KODCIS",
      "dc:description": "Kód číselníku v KLASU pro vazbu (97 - 101)",
      "required": false,
      "datatype": "number"
    },{
      "name": "CHODNOTA",
      "titles": "CHODNOTA",
      "dc:description": "Odpovídající položka z číselníku 97 - 101",
      "required": false,
      "datatype": "string"
    }
    ],
    "primaryKey": "NUMNUTS"
  }
}
