{
  "@context": ["http://www.w3.org/ns/csvw",{"@language": "cs"}],
  "url": "cpp.csv",
  "dc:description": "Číselník politické příslušnosti kandidátů", 
  "tableSchema": { 
    "columns": [{
      "name": "PSTRANA",
      "titles": "PSTRANA",
      "dc:description": "Kód politické příslušnosti",
      "required": false,
      "datatype": "number"
    },{
      "name": "NAZEV_STRP",
      "titles": "NAZEV_STRP",
      "dc:description": "Název politické příslušnosti",
      "required": false,
      "datatype": "string"
    },{
      "name": "ZKRATKAP30",
      "titles": "ZKRATKAP30",
      "dc:description": "Název politické příslušnosti - 30 znaků",
      "required": false,
      "datatype": "string"
    },{
      "name": "ZKRATKAP8",
      "titles": "ZKRATKAP8",
      "dc:description": "Zkratka politické příslušnosti na 15 znaků",
      "required": false,
      "datatype": "string"
    }
    ],
    "primaryKey": "PSTRANA"
  }
}
