{
  "@context": ["http://www.w3.org/ns/csvw",{"@language": "cs"}],
  "url": "kvcoco.csv",
  "dc:description": "Číselník obcí, městských částí, městských obvodů pro prezentaci", 
  "tableSchema": { 
    "columns": [{
      "name": "DATUMVOLEB",
      "titles": "DATUMVOLEB",
      "dc:description": "Datum konání voleb (formát RRRRMMDD) - první den voleb",
      "required": true,
      "datatype": "number"
    },{
      "name": "KRAJ",
      "titles": "KRAJ",
      "dc:description": "Kód kraje podle CNUMNUTS, kam OBEC patří",
      "required": true,
      "datatype": "number"
    },{
      "name": "OKRES",
      "titles": "OKRES",
      "dc:description": "Kód okresu dle CNUMNUTS, kam OBEC patří",
      "required": true,
      "datatype": "number"
    },{
      "name": "TYPZASTUP",
      "titles": "TYPZASTUP",
      "dc:description": "Kód typu zastupitelstva (dle KVTYPZAS)",
      "required": true,
      "datatype": "number"
    },{
      "name": "DRUHZASTUP",
      "titles": "DRUHZASTUP",
      "dc:description": "Kód druhu zastupitelstva (dle KVDRUHZ)",
      "required": true,
      "datatype": "number"
    },{
      "name": "KODZASTUP",
      "titles": "KODZASTUP",
      "dc:description": "Kód voleného zastupitelstva",
      "required": true,
      "datatype": "number"
    },{
      "name": "NAZEVZAST",
      "titles": "NAZEVZAST",
      "dc:description": "Název územní jednotky, jejíž zastupitelstvo se volí",
      "required": true,
      "datatype": "string"
    },{
      "name": "OBVODY",
      "titles": "OBVODY",
      "dc:description": "Příznak členění obce na volební obvody (0=ne, 1=ano, 2=věta za jednotlivé obvody)",
      "required": true,
      "datatype": "number"
    },{
      "name": "COBVODU",
      "titles": "COBVODU",
      "dc:description": "Číslo volebního obvodu (OBVODY=0, pak COBVODU=1; OBVODY=1, pak COBVODU=počet obvodů; OBVODY=2, pak COBVODU=číslo obvodu)",
      "required": true,
      "datatype": "number"
    },{
      "name": "MANDATY",
      "titles": "MANDATY",
      "dc:description": "Počet volených členů zastupitelstva v rámci KODZASTUP nebo KODZASTUP a COBVODU",
      "required": true,
      "datatype": "number"
    },{
      "name": "OKRSKYCELK",
      "titles": "OKRSKYCELK",
      "dc:description": "Celkový počet okrsků v obci",
      "required": true,
      "datatype": "number"
    },{
      "name": "TYPDUVODU",
      "titles": "TYPDUVODU",
      "dc:description": "Typ důvodu konání voleb dle číselníku CTYPDUVV",
      "required": true,
      "datatype": "number"
    },{
      "name": "STAV_OBCE",
      "titles": "STAV_OBCE",
      "dc:description": "Příznak očekávání/zpracování výsledků voleb",
      "required": true,
      "datatype": "number"
    },{
      "name": "NADRZASTUP",
      "titles": "NADRZASTUP",
      "dc:description": "Kód nadřízeného zastupiteltva (odkaz z mč/mo na statutární obec), null jen pokud je statutární obec",
      "required": true,
      "datatype": "number"
    }
    ],
    "primaryKey": ["DATUMVOLEB","KODZASTUP","OBVODY","COBVODU"]
  }
}
