{
  "@context": ["http://www.w3.org/ns/csvw",{"@language": "cs"}],
  "url": "kvdatumvoleb.csv",
  "dc:description": "Konané komunální volby v rámci jednoho čtyřletého cyklu", 
  "tableSchema": { 
    "columns": [{
      "name": "DATUMVOLEB",
      "titles": "DATUMVOLEB",
      "dc:description": "Datum konání voleb (formát RRRRMMDD)",
      "required": true,
      "datatype": "number"
    },{
      "name": "POCETDNI",
      "titles": "POCETDNI",
      "dc:description": "Počet dní konaných voleb (1 nebo 2)",
      "required": true,
      "datatype": "number"
    },{
      "name": "POPISVOLEB",
      "titles": "POPISVOLEB",
      "dc:description": "Textový popis důvodu ke konání voleb",
      "required": true,
      "datatype": "string"
    }
    ],
    "primaryKey": "DATUMVOLEB"
  }
}
